<?xml version="1.0" encoding="UTF-8" standalone="yes"?>
<manifest>
  <control namespace="WebResourceEditor" constructor="WebResource" version="0.0.1" display-name-key="WebResourceEditor" description-key="An incline WebResources editor" control-type="standard" api-version="1.3.4">
    <data-set name="WebResourceEditor" display-name-key="WebResource Editor" cds-data-set-options="displayCommandBar:false;displayViewSelector:true;displayQuickFindSearch:false"/>
    <external-service-usage enabled="false"/>
    <resources>
      <code path="bundle.js" order="1"/>
    </resources>
    <feature-usage>
      <uses-feature name="WebAPI" required="true"/>
    </feature-usage>
    <built-by name="pac" version="1.14.2"/>
  </control>
</manifest>